"1",1,1.06881468236095,0.0000189197334289281,"F"
"2",3,0.966877530372479,20.4589946054,"D"
"3",7,0.336270746757952,10.0881224027386,"A"
"4",2,0.697060711825733,0.5537350163944,"C"
"5",4,1.32991938326114,39.7790828388487,"C"
"6",4,0.421256459054611,12.6001589209434,"C"
"7",7,1.19572142165597,35.871642649679,"C"
"8",3,0.788274040334464,16.6797694973496,"C"
"9",3,0.543758047569254,11.5058449621603,"D"
"10",3,1.50851029239593,31.9198688198175,"C"
"11",2,0.938808607124095,0.745776071779281,"G"
"12",4,0.318363758515194,9.52254586425284,"A"
"13",2,1.30459560850161,1.03635201124677,"B"
"14",4,0.678970415838295,20.3086147601892,"G"
"15",3,1.85244023005106,39.1973786575021,"A"
"16",5,0.898430441151296,26.9528896351498,"G"
"17",1,1.40456332526014,0.000024863022689088,"D"
"18",4,1.68194654512046,50.308531322251,"E"
"19",2,0.730947553860142,0.580654236931634,"B"
"20",3,0.292521795486666,6.18972067074313,"B"
"21",1,0.721025068319351,0.0000127632996751534,"F"
"22",3,1.14119086798972,24.1474406825226,"C"
"23",1,1.60918840141426,0.0000284852145971913,"E"
"24",6,0.467356162818545,14.0206848843802,"E"
"25",4,1.86151644573314,55.6796282787595,"G"
"26",3,0.309962066603619,6.55875439165399,"F"
"27",3,1.01002375888391,21.371962823845,"G"
"28",1,0.985077846445108,0.0000174374571841724,"G"
"29",5,1.27121700228537,38.1364766770559,"B"
"30",5,1.27865376265565,38.3595792928203,"G"
"31",2,0.47734979585274,0.379199820830617,"B"
"32",2,0.878415124822552,0.697800356974226,"A"
"33",2,0.972313770646041,0.772392092388918,"F"
"34",3,1.15728020820109,24.4878888926098,"B"
"35",5,0.746165469914142,22.3849444976328,"G"
"36",1,1.21135505741485,0.0000214429265917709,"F"
"37",5,1.0103468219713,30.3103781200028,"C"
"38",4,0.997473510071943,29.8353282808855,"B"
"39",4,0.935771151299164,27.989755329722,"B"
"40",2,0.608833027183215,0.483648211080119,"B"
"41",2,0.233701676784145,0.18564925497884,"A"
"42",5,1.4716252910908,44.1487200770238,"A"
"43",4,0.838406143333348,25.077480521019,"B"
"44",1,1.86089576855038,0.000032940838539214,"F"
"45",5,0.626819746848178,18.8045759405501,"F"
"46",7,0.63932378169385,19.1797134508155,"B"
"47",5,1.77735067911863,53.320473687262,"G"
"48",4,0.907310132347727,27.1384606987865,"G"
"49",6,1.48914089112632,44.6742267332283,"E"
"50",2,1.1190508592669,0.888957927752557,"A"
"51",6,0.873407233942938,26.2022170179589,"C"
"52",3,0.549591574337185,11.629281580477,"G"
"53",4,0.406898041330532,12.1706857549231,"B"
"54",4,1.31161829632469,39.2316808967092,"D"
"55",4,1.10820165492221,33.1473065120697,"G"
"56",1,0.341803493167514,0.00000605046981720062,"B"
"57",3,1.24306676452212,26.3031205407294,"B"
"58",2,1.72966327859957,1.37401966239574,"B"
"59",5,0.66072753569992,19.8218087154345,"B"
"60",4,1.40291327539475,41.9623956910852,"B"
"61",3,0.971882075354335,20.5648900839585,"B"
"62",4,2.26900981668105,67.8681208770628,"B"
"63",3,1.00002976841511,21.1604913699487,"A"
"64",1,1.30986035869745,0.0000231866283507009,"B"
"65",1,0.977578727301107,0.0000173047107525433,"B"
"66",4,0.76582098197613,22.9063931732883,"B"
"67",4,0.954360455398093,28.5457781059707,"A"
"68",4,1.07507645485747,32.1565020362392,"A"
"69",3,0.549488825540068,11.6271074301633,"B"
"70",4,1.54569295296237,46.2330640437332,"A"
"71",5,0.982747952876904,29.4824127721202,"G"
"72",4,0.759495881733877,22.7172037459686,"C"
"73",3,0.62265594780805,13.1753136018349,"D"
"74",4,0.524196429178069,15.6791858533342,"C"
"75",3,1.26767880381,26.8239078826637,"D"
"76",2,1.13558561598795,0.902092900974656,"F"
"77",5,0.936881051274257,28.1064069288429,"F"
"78",5,1.37247429647324,41.1741928429311,"G"
"79",4,1.26700861046502,37.8973651392566,"B"
"80",2,1.48179906733638,1.17711989346754,"A"
"81",2,0.950566327536845,0.755116235978841,"D"
"82",5,0.969781967419686,29.0934335489858,"G"
"83",5,0.720492758957964,21.6147638433016,"A"
"84",2,0.95355277599659,0.757488627735776,"B"
"85",2,1.11489033694257,0.885652868582836,"A"
"86",2,0.840436862803434,0.667630971173231,"B"
"87",4,1.03172332321889,30.8597709437533,"A"
"88",2,1.94877142125043,1.54807602349109,"E"
"89",2,0.935902912392061,0.743467829623636,"B"
"90",5,0.9335119357419,28.0053335513699,"B"
"91",4,1.71419205861407,51.2730235829009,"B"
"92",5,1.91252904596438,57.3758211418568,"B"
"93",1,1.15766753789188,0.0000204925714230046,"B"
"94",4,0.949743786303357,28.4076893882105,"C"
"95",5,0.956215823863287,28.6864495986405,"E"
"96",5,1.28874785025831,38.6624016557553,"B"
"97",4,0.761917248458517,22.7896289987583,"A"
"98",5,0.368800047008976,11.0639917228684,"G"
"99",5,0.228514821197433,6.85543863344364,"C"
"100",3,0.929847064398952,19.6754350750673,"F"
"101",4,0.873929535812418,26.1400170852104,"B"
"102",4,1.15577284252406,34.5702034456539,"A"
"103",4,1.19402765783086,35.7144393190662,"F"
"104",2,1.41261776860878,1.12216326352813,"F"
"105",2,2.11377343905447,1.6791512562273,"B"
"106",2,1.12168846159264,0.891053201151708,"B"
"107",4,0.98200133093601,29.3725415110314,"A"
"108",3,1.11858706171821,23.6691472730231,"A"
"109",1,1.41387470285442,0.0000250278490007462,"A"
"110",3,1.06692484509293,22.5759819257712,"A"
"111",1,1.24220639604105,0.0000219890447471128,"C"
"112",2,0.435830948840818,0.34621784517084,"A"
"113",5,1.1177292923427,33.5318494104916,"A"
"114",5,1.1257462458821,33.7723578060894,"B"
"115",5,0.279002293766693,8.3700614843492,"C"
"116",1,1.12514139591082,0.0000199168065631941,"A"
"117",2,0.695572364093698,0.552552694335766,"G"
"118",4,0.877988778443445,26.2614326769484,"A"
"119",7,1.21508777305916,36.4526331917748,"G"
"120",4,1.15109959243283,34.4304223394865,"G"
"121",5,1.72792080303605,51.8375787031768,"F"
"122",1,1.15608596081905,0.0000204645749731905,"F"
"123",1,2.17706242070082,0.0000385374951687706,"G"
"124",5,0.43476883847733,13.0430537340936,"A"
"125",1,0.672452636860017,0.0000119034897657541,"B"
"126",2,1.17704075014635,0.935024264058809,"F"
"127",5,1.90006193537933,57.0018081517833,"B"
"128",5,0.160047566429115,4.80142278884759,"F"
"129",2,0.36693622055404,0.291488862673108,"A"
"130",5,1.26936633496383,38.0809567060219,"F"
"131",3,0.275227051556805,5.82376628495192,"F"
"132",1,0.66683223450299,0.0000118039996332613,"G"
"133",4,0.869231877328195,25.9995059020932,"B"
"134",5,1.41315592165936,42.394640529916,"A"
"135",6,1.13919652583365,34.17589577458,"G"
"136",5,2.46080498977773,73.8240850544998,"B"
"137",1,1.26787533920241,0.0000224434261941775,"E"
"138",3,0.803309589794096,16.9979196411071,"C"
"139",4,1.35874845830985,40.6413863581175,"B"
"140",4,0.681662306930211,20.3891316396981,"B"
"141",1,0.594779144897127,0.0000105285444298744,"B"
"142",4,1.21707730252627,36.4038748873309,"B"
"143",5,1.33521936503647,40.0565458784163,"B"
"144",3,1.55982302954831,33.0056392298345,"A"
"145",5,-0.00402270273406113,-0.120680976356083,"A"
"146",5,1.65974575862751,49.7923291616982,"F"
"147",5,1.31130805622105,39.3392072420406,"A"
"148",5,0.453989157961657,13.6196628137564,"D"
"149",4,1.11232953440633,33.2707750937104,"G"
"150",7,1.55788846355577,46.7366539066732,"G"
"151",5,0.588210631137715,17.6463034833955,"A"
"152",5,0.881826205787953,26.4547630103988,"G"
"153",3,0.804662486715656,17.0265467525564,"A"
"154",2,0.935300750033702,0.742989480496048,"F"
"155",4,2.43587559031462,72.8592259890598,"G"
"156",5,1.03775717339972,31.1326879428582,"B"
"157",5,0.855305843707872,25.659152844616,"C"
"158",2,0.95692066908022,0.76016403362258,"E"
"159",4,1.11174857848484,33.2533981804795,"B"
"160",3,1.33582247997583,28.2658186306896,"B"
"161",4,1.74194005211185,52.1029909823182,"A"
"162",2,0.368784180183708,0.292956855257499,"B"
"163",5,0.39603463816092,11.8810287420461,"B"
"164",2,0.413704952844837,0.328641271785307,"B"
"165",3,0.417172555341609,8.8273134819535,"G"
"166",1,1.95939697674636,0.0000346844678439488,"G"
"167",5,0.505498516178319,15.1649422072418,"G"
"168",3,0.479540318882866,10.1470067189552,"C"
"169",6,1.490667261163,44.7200178343282,"D"
"170",5,1.27502311945534,38.2506600921784,"A"
"171",3,1.06395536415335,22.5131481204389,"A"
"172",5,1.31256135331217,39.3768061218533,"C"
"173",4,0.34522852646917,10.3260951946394,"B"
"174",4,1.96269318052846,58.7059152593419,"F"
"175",2,1.21960289638055,0.968835021634068,"A"
"176",3,1.39530253323701,29.5244083181865,"B"
"177",5,1.36856093518008,41.0567921069298,"F"
"178",4,-0.0759856742838294,-2.27279974256056,"A"
"179",4,1.30856192461022,39.1402620745259,"C"
"180",3,1.07977192781098,22.8478244164356,"F"
"181",2,0.367987381814455,0.292323890078748,"B"
"182",2,0.731383341478655,0.581000420355814,"B"
"183",3,0.627997956245608,13.2883497603688,"G"
"184",2,0.90964871621082,0.722611873311361,"A"
"185",4,0.938193001630085,28.0621950476099,"B"
"186",5,0.689065585436575,20.6719494631686,"G"
"187",2,1.72072253105753,1.36691726097964,"A"
"188",4,1.14937663262466,34.3788870646422,"F"
"189",5,1.19747678056084,35.9242719622806,"A"
"190",1,1.32415476448459,0.0000234396622502917,"B"
"191",1,1.58001271547034,0.0000279687581807752,"F"
"192",3,1.38218023116329,29.2467422240813,"C"
"193",2,1.06909262573208,0.849271824668389,"E"
"194",4,0.770216207258,23.0378583077796,"A"
"195",3,0.897682893127026,18.9948456665142,"B"
"196",4,0.55717578586267,16.6656280227173,"F"
"197",5,1.10661830216513,33.1985199970207,"A"
"198",4,1.18700438254075,35.5043668491997,"A"
"199",7,0.720317440890306,21.6095232267092,"G"
"200",2,0.880381352708981,0.699362300162898,"C"
"201",2,1.93196423400872,1.53472463537676,"C"
"202",2,1.05633534834738,0.839137626768667,"C"
"203",1,0.302891065839633,0.0000053616574680946,"A"
"204",1,0.932879542391103,0.0000165134635167554,"A"
"205",3,0.708077475716741,14.9828212993152,"B"
"206",2,1.30138907740064,1.03380478900107,"C"
"207",2,0.929361532874349,0.738271451699833,"B"
"208",4,1.36098386182832,40.7082492844412,"C"
"209",3,0.878067671233204,18.5797902884512,"A"
"210",2,1.20624707083507,0.958225345673392,"F"
"211",2,1.66360261220489,1.32154201795459,"A"
"212",1,0.803151981125262,0.0000142170776997932,"B"
"213",4,2.07572535763048,62.0868091638815,"B"
"214",5,0.479881754095124,14.3964400176305,"D"
"215",3,0.621005188988012,13.1403837738753,"B"
"216",1,1.19419589753451,0.0000211391819518832,"B"
"217",2,0.611282156584176,0.485593764295191,"C"
"218",5,0.945031977074151,28.3509344887365,"C"
"219",4,1.51166837508536,45.2153583700199,"B"
"220",1,1.65898103408462,0.0000293666240242839,"B"
"221",2,0.543003647717964,0.431354297653339,"B"
"222",2,0.525120552045872,0.41714822333704,"C"
"223",5,0.44113681330983,13.2340928117987,"G"
"224",2,1.35496238181361,1.07636265246136,"F"
"225",4,1.58040589865363,47.2713594168311,"D"
"226",1,0.471924053749294,0.00000835381235212152,"G"
"227",4,1.83877618341523,54.999446615189,"B"
"228",3,0.0819560052694537,1.73417771849754,"B"
"229",7,1.80503259326359,54.1509777979077,"G"
"230",4,1.04589402936832,31.2836294880364,"C"
"231",3,1.50989639043428,31.949198462299,"B"
"232",4,1.1567733187164,34.6001285868573,"B"
"233",2,1.16041828792551,0.92181961884754,"A"
"234",3,1.35036366037327,28.5735079935738,"G"
"235",1,1.54054989703104,0.000027270203026596,"F"
"236",3,0.999060356651425,21.1399787513174,"A"
"237",4,0.15339341393194,4.58813473698673,"F"
"238",5,1.7180861233877,51.5425385720573,"A"
"239",4,0.963581230959742,28.8215797820136,"F"
"240",3,0.710457919873743,15.0331911679249,"A"
"241",1,0.31359568388508,0.00000555114636941749,"C"
"242",2,0.93593607661303,0.743494174804379,"A"
"243",1,1.99872959348817,0.0000353807182193397,"B"
"244",4,1.78691887082773,53.4483478349307,"B"
"245",5,1.19622959752652,35.8868565040111,"G"
"246",2,0.838607854630224,0.666178033353618,"B"
"247",4,0.638237233477402,19.0902487029545,"B"
"248",1,1.4726961845289,0.0000260690835304942,"B"
"249",4,1.34094978970904,40.1090121995,"B"
"250",3,1.69282226383961,35.8198846036409,"B"
"251",5,0.893422357500228,26.8026472571668,"A"
"252",5,0.628320594436861,18.8496013287873,"D"
"253",5,0.482169671084391,14.465077467211,"A"
"254",5,0.90046522735928,27.0139331679409,"C"
"255",2,2.13034940894789,1.69231896860151,"A"
"256",3,1.65377581858692,34.9936672310258,"A"
"257",2,0.491734600571237,0.39062690306534,"A"
"258",1,2.16045487737414,0.0000382435150262486,"A"
"259",5,0.978622799443953,29.3586582774885,"C"
"260",4,1.52451394074257,45.5995807723859,"F"
"261",3,0.169736816180346,3.59160751748328,"F"
"262",5,0.780363706895087,23.410890708764,"B"
"263",5,0.714304348227922,21.4291116839535,"B"
"264",4,1.62374870367146,48.5677816308184,"B"
"265",2,1.03753479626483,0.824202738258896,"C"
"266",1,1.11944570161199,0.0000198159836426214,"G"
"267",5,2.13821885669571,64.1465095355229,"F"
"268",3,0.711562845114541,15.0565712329597,"A"
"269",4,1.22556620621357,36.6577856184913,"B"
"270",4,1.98195703621591,59.2821144792582,"G"
"271",5,1.43308294732274,42.9924507763874,"G"
"272",4,1.11985477948805,33.4958619307441,"F"
"273",1,1.22303681074635,0.0000216497123542252,"B"
"274",2,0.571842353610413,0.454263351354448,"F"
"275",2,0.504303457507883,0.400611422467737,"B"
"276",2,0.13863601175502,0.110130456271092,"A"
"277",5,1.37897503362129,41.3692147866153,"A"
"278",3,2.38301474742955,50.4242619470821,"D"
"279",3,1.17047357253535,24.7670586543042,"A"
"280",2,0.608014346242489,0.482997862700926,"F"
"281",4,1.14114074235133,34.1325441918649,"C"
"282",2,1.30416526411349,1.03601015184662,"C"
"283",3,0.452688039685144,9.57881621085924,"B"
"284",3,0.577225253312238,12.2140063996174,"B"
"285",1,0.544910144877586,0.00000964578317826741,"A"
"286",3,-0.0631642591438077,-1.33654697361662,"E"
"287",3,1.30453086216259,27.6036923324512,"B"
"288",1,1.50410536009437,0.0000266250762939996,"G"
"289",5,0.958340743899901,28.7501971439229,"G"
"290",1,1.43744211311917,0.0000254450299463096,"A"
"291",2,1.11762630939191,0.887826285795118,"C"
"292",4,0.577670326314599,17.2786381289256,"A"
"293",5,0.832819881218599,24.9845745605846,"B"
"294",2,1.69893085732862,1.34960626840063,"G"
"295",3,1.54321138148899,32.6541390580377,"C"
"296",5,0.307430326934017,9.22290173263974,"A"
"297",1,2.70437022638913,0.0000478716887228659,"F"
"298",5,0.864928633552534,25.9478362871907,"B"
"299",5,1.16093348502592,34.8279740561286,"B"
"300",4,1.56695024369534,46.8688886956928,"A"
"301",7,0.357946849047626,10.7384054714288,"F"
"302",3,0.378359857531124,8.00604217283556,"E"
"303",5,1.55269234055908,46.5807294316553,"C"
"304",5,1.52686038871953,45.8057715550057,"G"
"305",2,0.70393616016917,0.559196773794555,"B"
"306",5,1.29906905503155,38.9720375278416,"A"
"307",3,1.47181107664636,31.1433184983372,"C"
"308",2,0.707753879851847,0.562229515470011,"B"
"309",2,0.818646004779736,0.650320626578717,"B"
"310",2,1.50715554865827,1.19726271799097,"A"
"311",2,-0.14511727193711,-0.115279076258275,"A"
"312",1,1.50635869414168,0.00002666496391924,"A"
"313",5,1.13206421642584,33.9618967564453,"B"
"314",4,2.03979674316078,61.0121520461164,"F"
"315",3,0.63152884333853,13.3630628421368,"B"
"316",5,0.0374902053639125,1.12470517614893,"E"
"317",3,0.476459528080611,10.0818176123478,"G"
"318",2,0.403317365078925,0.320389521278827,"B"
"319",6,1.56973244149451,47.0919732442434,"D"
"320",5,0.437682041122612,13.1304497369299,"D"
"321",2,0.918737623423661,0.72983197064166,"G"
"322",2,0.382510449490024,0.303860806420461,"G"
"323",5,1.12064986750371,33.6194665886062,"A"
"324",1,1.17623570148974,0.0000208212576876435,"B"
"325",3,1.01578470151801,21.4938635719445,"A"
"326",4,1.0541891206118,31.5317431149853,"G"
"327",3,1.23210049895861,26.0710758805139,"G"
"328",2,0.806472707586678,0.640650334154522,"G"
"329",6,0.300339814439107,9.01019443305999,"G"
"330",3,1.35757837240806,28.7261703008076,"A"
"331",2,1.5706111649902,1.24767094808308,"B"
"332",4,0.52745847690482,15.7767566297135,"A"
"333",5,1.63643978621038,49.0931506013706,"G"
"334",1,0.514372531697693,0.00000910521846629785,"B"
"335",1,1.25493862531685,0.0000222144256179314,"B"
"336",5,2.00900991510305,60.2702446817198,"A"
"337",6,0.906835096072377,27.2050528818295,"G"
"338",1,0.914090628489491,0.0000161808696178277,"B"
"339",5,0.934053769754409,28.0215885575126,"C"
"340",6,0.772909509733964,23.1872852917276,"A"
"341",3,1.58308647701804,33.4978905557113,"C"
"342",1,0.844423190847054,0.0000149476442789319,"B"
"343",5,1.19555669135486,35.8666693365368,"G"
"344",5,1.31110266402333,39.3330454815042,"C"
"345",3,1.81618177595517,38.4301547915568,"B"
"346",7,0.490277793626659,14.7083338087998,"B"
"347",1,1.27122761032921,0.000022502766767569,"B"
"348",3,0.492979574766567,10.4313795117734,"B"
"349",2,1.36259501037645,1.08242590295114,"C"
"350",2,1.05177414494757,0.835514272308247,"B"
"351",2,0.506905641680877,0.402678560195124,"C"
"352",5,0.653633285221385,19.6089813874256,"F"
"353",2,1.48165142983844,1.17700261235995,"G"
"354",3,0.253559634810931,5.36528674810094,"G"
"355",3,0.51222328204986,10.838573692142,"G"
"356",1,0.0236818525452153,0.000000419206757404312,"A"
"357",3,0.321990148859096,6.81326694598268,"G"
"358",2,1.90602098637425,1.51411569212335,"A"
"359",5,0.149003683829717,4.47010660095923,"B"
"360",1,0.585424132110766,0.0000103629457053592,"B"
"361",5,0.97884628609974,29.3653628712918,"B"
"362",4,0.180010203252671,5.38426680380214,"E"
"363",5,-0.525897246472064,-15.7769035802336,"E"
"364",2,1.26763740683311,1.00699294673542,"B"
"365",4,2.14364713647541,64.1184105535905,"G"
"366",1,1.06770463715607,0.0000189000838491486,"B"
"367",1,0.956833664560841,0.0000169374898830234,"E"
"368",2,0.647924251706898,0.514701718307349,"B"
"369",5,1.06651864491002,31.9955313326795,"G"
"370",3,0.871809614035091,18.4473706650402,"F"
"371",5,0.935169908400324,28.0550726875721,"B"
"372",2,0.928061727593954,0.737238905056422,"B"
"373",5,1.88481102756115,56.5442813178387,"B"
"374",2,1.08482047712994,0.861765803892712,"G"
"375",2,0.26524092718775,0.210703582447053,"G"
"376",3,1.2935942319042,27.3722747511869,"C"
"377",4,1.82067968207098,54.4581640118021,"B"
"378",3,1.4849002018857,31.4202825752227,"G"
"379",2,1.54091032417926,1.22407702678705,"A"
"380",5,1.8993904100546,56.9816624096806,"G"
"381",7,1.8876153909448,56.628461728344,"G"
"382",5,0.895698603612127,26.8709345807328,"B"
"383",5,1.13849295884246,34.1547588600778,"B"
"384",2,0.742928786613148,0.590171956123602,"B"
"385",4,1.36083894239314,40.7039146140171,"B"
"386",5,1.19864438486263,35.9593000606644,"A"
"387",5,0.945514163460049,28.3654000676476,"B"
"388",5,0.341881368449048,10.256432073153,"B"
"389",4,0.455455503429116,13.623083044244,"A"
"390",2,0.128483421767172,0.102065384623829,"G"
"391",5,1.35921272832021,40.7763461466863,"F"
"392",5,1.58935931972818,47.6807378435838,"C"
"393",1,0.850635655816934,0.0000150576148688821,"A"
"394",4,0.608300973108172,18.1948282766481,"B"
"395",4,1.08724869973556,32.5205848095521,"C"
"396",3,1.35465763944653,28.6643679959379,"C"
"397",3,1.1020019136565,23.3182078375047,"A"
"398",3,0.48067482678864,10.171012749083,"D"
"399",1,1.43482500407813,0.0000253987029204668,"A"
"400",2,2.26215600802198,1.79702423754146,"G"
"401",4,1.05005115009603,31.4079727015275,"D"
"402",3,1.64137951016034,34.7313630619254,"B"
"403",7,0.227666040288029,6.82998120864086,"B"
"404",4,0.735715062868765,22.0058981017939,"F"
"405",1,1.00778665434996,0.0000178394394914322,"G"
"406",4,1.40691044186597,42.0819545291478,"B"
"407",2,1.54142873354656,1.22448884374162,"C"
"408",3,1.4439527827881,30.5538408593831,"F"
"409",4,0.894309031617549,26.7495861027386,"G"
"410",1,0.0900421462385627,0.00000159389034630313,"A"
"411",1,0.68449082459816,0.0000121165849886509,"F"
"412",3,0.575574438507689,12.1790753870332,"F"
"413",5,0.998250086687444,29.9474763792364,"B"
"414",1,1.89573945412028,0.0000335576276360925,"B"
"415",1,1.90613010093957,0.0000337415587433457,"B"
"416",5,1.35804096941383,40.7411934102739,"A"
"417",3,1.16705691522711,24.6947626589563,"B"
"418",5,2.29838657672754,68.9515369292959,"A"
"419",2,1.13437729671077,0.901133029498024,"F"
"420",4,0.465282283611228,13.9170108625941,"C"
"421",2,1.36764595483488,1.08643830067352,"A"
"422",4,1.18313512127392,35.388633770642,"G"
"423",5,1.00345736368438,30.103694552363,"B"
"424",5,1.93407717416371,58.0222644218245,"A"
"425",2,0.919511884735017,0.730447032705357,"G"
"426",6,1.57244448756158,47.1733346262546,"A"
"427",5,1.76752581923128,53.0257281487145,"B"
"428",3,0.362845019562612,7.67775035062394,"C"
"429",2,0.774793799485029,0.615485064617128,"B"
"430",1,2.61587334310987,0.0000463051520083476,"G"
"431",5,1.66701293895054,50.0103443804998,"E"
"432",4,1.04138557336594,31.148777521029,"F"
"433",7,0.276321908365997,8.28965725097992,"A"
"434",3,2.26056185475677,47.8331757009855,"D"
"435",4,0.0807366679564028,2.41490622904902,"E"
"436",4,0.165664420379427,4.95517155751468,"B"
"437",4,0.973688084030008,29.1238848319154,"F"
"438",5,0.742130762612681,22.2639033845701,"G"
"439",3,0.452551291830215,9.57592264519202,"D"
"440",3,0.961219002704724,20.3392609438012,"C"
"441",4,1.68877436016284,50.5127574006117,"E"
"442",5,1.11161719545999,33.3484866645588,"C"
"443",4,1.18495275473009,35.443000819302,"E"
"444",4,1.05303376732606,31.4971854608596,"G"
"445",2,1.94655183763901,1.54631281815386,"E"
"446",5,0.945688663337189,28.3706350593782,"B"
"447",5,0.628397570829781,18.8519106185529,"C"
"448",3,0.920217897430451,19.4716832358999,"G"
"449",1,-0.17438019807307,-0.00000308680907670388,"A"
"450",3,1.58203446971773,33.4756302269667,"A"
"451",2,1.80913064465485,1.43714739646382,"C"
"452",5,0.264257601455255,7.92772110231007,"E"
"453",4,0.796113663919634,23.8124744888991,"B"
"454",5,0.630042296069292,18.9012523325357,"B"
"455",4,0.730022793140121,21.8356372033314,"A"
"456",4,1.18775720687853,35.5268845010756,"F"
"457",5,0.862572279648258,25.8771457319576,"F"
"458",5,1.26905118449082,38.0715022001097,"D"
"459",5,0.433106122988377,12.9931723131001,"F"
"460",2,0.557033966705074,0.442499781515135,"E"
"461",3,1.33223410876952,28.1898891930452,"G"
"462",3,1.01664718461676,21.5121135948382,"A"
"463",4,1.12065974743153,33.5199392446847,"E"
"464",2,0.789113756798991,0.626860633005203,"G"
"465",3,1.04818355303129,22.1794187818956,"B"
"466",5,1.41021196250215,42.3063218325298,"B"
"467",3,1.32526244837634,28.0423698248789,"C"
"468",3,0.823314744052257,17.4212259339839,"A"
"469",5,0.963971505198274,28.9191198349689,"G"
"470",5,0.926985581269703,27.8095430886341,"D"
"471",3,0.573440783571346,12.133927544146,"F"
"472",4,0.801080683020179,23.9610424898995,"A"
"473",4,1.18506466870804,35.4463482668657,"B"
"474",3,1.10612554226946,23.405463247727,"B"
"475",4,0.745998121405316,22.3134736154007,"A"
"476",4,1.44904266521709,43.3421671585473,"B"
"477",1,1.62280267150553,0.0000287262090045542,"G"
"478",3,0.515408845452254,10.9059797724546,"B"
"479",5,1.41154689512433,42.3463697761301,"B"
"480",4,1.56747015575164,46.8844397321067,"F"
"481",4,1.56652019323257,46.8560255002249,"F"
"482",5,0.287309909597868,8.61928974106537,"A"
"483",5,0.869175005195526,26.0752273249395,"B"
"484",3,1.6030500352238,33.9203166818815,"E"
"485",2,1.84020071230605,1.4618290118932,"G"
"486",2,0.342084065702257,0.271746667853027,"F"
"487",5,1.45939392511224,43.7817794189525,"G"
"488",4,0.944576597988345,28.2531341462809,"E"
"489",2,0.405597140823685,0.32220054238213,"A"
"490",4,0.920970680050905,27.54705994589,"B"
"491",5,0.552646459476011,16.5793792677209,"A"
"492",4,1.58226338867005,47.3269186109939,"C"
"493",5,0.862440784066069,25.873200867946,"A"
"494",2,0.730664618564558,0.580429477197107,"B"
"495",3,1.05713723088484,22.3688773649631,"G"
"496",1,1.7021384190009,0.0000301305789283295,"B"
"497",3,0.734390069215269,15.5395921327764,"B"
"498",4,1.93397044638993,57.846792492176,"C"
"499",5,1.38616514192482,41.5849178468562,"D"
"500",5,0.0558157948436162,1.67447237917533,"A"
"501",3,0.493974476289918,10.4524314901882,"A"
"502",2,0.970641399385486,0.771063584682673,"B"
"503",3,1.10838677087884,23.4533105318633,"B"
"504",2,1.85335449018906,1.47227818409315,"B"
"505",3,0.193022565680907,4.08433075124292,"E"
"506",2,1.11816473680364,0.888254004796636,"F"
"507",4,1.16692400148432,34.903744622369,"A"
"508",7,0.605527628662239,18.1658288598672,"B"
"509",2,0.128215445922043,0.101852508461856,"G"
"510",1,0.00779392918755473,0.000000137965042047091,"G"
"511",1,0.818394801693853,0.0000144869000615385,"B"
"512",2,1.05177992571145,0.835518864464041,"G"
"513",5,-0.022767648274405,-0.683028850186308,"A"
"514",1,0.902343224050083,0.0000159729217255098,"G"
"515",3,1.66809475128184,35.2966538633118,"G"
"516",5,0.297328200968666,8.9198382190353,"A"
"517",5,0.512956818753528,15.3886910885883,"B"
"518",5,0.891481109451451,26.744409866695,"G"
"519",2,0.64289150748837,0.510703778594097,"G"
"520",4,1.04814970654595,31.3510988177086,"G"
"521",4,1.01909717353109,30.4821114700377,"A"
"522",2,1.66415513076631,1.32198093076301,"B"
"523",1,1.25719009851206,0.0000222542803031062,"A"
"524",3,1.32894141860982,28.1202163253878,"B"
"525",2,1.27824522284148,1.0154196433942,"B"
"526",4,0.985660067829746,29.4819776165678,"B"
"527",5,0.39786646825705,11.9359835968127,"G"
"528",3,0.0912450679823393,1.9307329987293,"A"
"529",1,1.32135755228993,0.0000233901471098838,"E"
"530",3,1.38958594836811,29.4034461742539,"B"
"531",3,0.47260490646243,10.0002543528708,"B"
"532",5,2.30213931433776,69.064118959028,"A"
"533",4,0.567522184861729,16.9750981064287,"G"
"534",3,0.896817239647849,18.97652855881,"B"
"535",3,0.91793819005546,19.4234449436429,"B"
"536",2,1.56187659174977,1.24073232857055,"G"
"537",4,1.48477737670152,44.4110244639247,"A"
"538",3,1.43735425759201,30.4142169802984,"C"
"539",3,1.15630378867582,24.4672279907142,"F"
"540",4,1.73903662902254,52.0161469908407,"F"
"541",1,0.635731226005477,0.0000112534619209201,"C"
"542",2,0.891850701454099,0.708473386052069,"D"
"543",5,0.636160906789148,19.0848104934117,"A"
"544",4,1.08664233282991,32.5024478309696,"F"
"545",2,-0.01961408269745,-0.0155811455441042,"G"
"546",6,1.84428609701438,55.3285829097363,"A"
"547",1,1.29106649108851,0.0000228539467632117,"G"
"548",5,0.58705759120761,17.6117123157796,"A"
"549",5,1.17006017200548,35.1017744257815,"A"
"550",3,1.19769233100763,25.3430038130831,"B"
"551",4,1.01221503296164,30.2762604663853,"A"
"552",1,0.674555287603088,0.0000119407100549301,"B"
"553",5,0.501266784561806,15.0379903699028,"B"
"554",5,0.540995195339464,16.2298416496724,"B"
"555",1,1.25902726902421,0.0000222868011665702,"G"
"556",4,0.717276387100976,21.4543807541732,"G"
"557",4,1.54485539720871,46.2080119991309,"D"
"558",7,0.949320348611914,28.4796104583574,"F"
"559",4,1.13863615808097,34.0576298275648,"F"
"560",4,1.61831118816254,48.4051406598023,"G"
"561",4,1.33558350959077,39.9485019429778,"A"
"562",5,1.51528533544259,45.4585202607436,"C"
"563",3,0.785594094189586,16.6230622081652,"A"
"564",3,1.14624198104517,24.2543215350675,"C"
"565",4,1.09868219796501,32.8625710073109,"G"
"566",5,0.807462702823533,24.2238598747985,"B"
"567",5,0.505325456713654,15.1597504278477,"G"
"568",5,1.20439739628255,36.1318902521456,"C"
"569",4,1.33202993389629,39.8422113033315,"B"
"570",4,0.518426168541527,15.5065921767913,"D"
"571",1,2.05260947052122,0.0000363344784244268,"G"
"572",4,2.09379950803659,62.6274232306405,"B"
"573",2,1.64969860793252,1.31049687668771,"A"
"574",4,0.254544107314193,7.61364279552261,"B"
"575",3,1.20615187107855,25.5220065091208,"A"
"576",4,0.891777548035366,26.6738671558699,"C"
"577",6,1.01978926102037,30.5936778302266,"G"
"578",5,0.259792876565526,7.7937794728947,"G"
"579",4,0.33186890484856,9.92649691685606,"E"
"580",5,0.484273389087329,14.52818895204,"G"
"581",5,0.982871469668575,29.4861182726259,"B"
"582",5,0.481266130686024,14.4379712789936,"C"
"583",3,0.108197685529806,2.28944803766232,"B"
"584",3,1.87586883471391,39.6931246867067,"B"
"585",4,0.982319398199653,29.3820551884678,"G"
"586",4,0.743926389719051,22.2515062605332,"B"
"587",3,1.00611833823525,21.2893246639202,"F"
"588",5,0.279587385842695,8.38761423126042,"G"
"589",3,0.860801615490644,18.2144429407292,"F"
"590",3,1.40651138200008,29.7615860053006,"E"
"591",2,1.59471530538629,1.26681893096457,"G"
"592",1,1.66441835860364,0.0000294628733855287,"B"
"593",2,0.713071411149956,0.566453685948395,"B"
"594",5,0.576010521183916,17.2803005052461,"G"
"595",6,1.23170463262679,36.9511389783393,"F"
"596",4,1.10225860939838,32.9695446844108,"F"
"597",2,1.08035625275743,0.858219488178507,"G"
"598",1,1.69868841507679,0.000030069508327738,"G"
"599",2,1.0731382660767,0.852485623243674,"C"
"600",5,1.1383453652672,34.1503310566971,"A"
"601",4,0.643861509950263,19.258475862088,"C"
"602",5,1.21708521251085,36.5125244057192,"A"
"603",4,1.18935439197049,35.5746577412299,"G"
"604",3,1.02722282954473,21.7358927765165,"B"
"605",2,0.34513606670421,0.274171133607848,"B"
"606",6,1.14714962941573,34.4144888820395,"C"
"607",1,1.42196094476015,0.0000251709884465482,"F"
"608",1,0.181688007169839,0.00000321616901378385,"A"
"609",3,1.87641532055185,39.7046882513352,"C"
"610",2,1.48009902439777,1.17576940377775,"B"
"611",5,0.928814447120538,27.8644090161196,"B"
"612",2,1.22251154856229,0.971145613145275,"A"
"613",2,1.43321509221707,1.13852548152783,"C"
"614",5,1.1560950307532,34.6828205550403,"B"
"615",3,1.14421394862059,24.2114086498977,"B"
"616",1,2.03503144488712,0.0000360233191891612,"D"
"617",7,1.7404372670724,52.213118012172,"B"
"618",2,0.785568127815066,0.62404403627233,"A"
"619",5,0.894225211511087,26.8267328564037,"B"
"620",2,0.549229370397118,0.436299922318914,"G"
"621",1,0.679213870318907,0.0000120231744377595,"A"
"622",2,0.829804426835241,0.659184716772033,"A"
"623",3,0.106054875118979,2.24410646620329,"G"
"624",3,0.877473149881922,18.5672102990145,"B"
"625",4,0.547405140741648,16.373379254446,"B"
"626",3,0.72274801545327,15.2932478878949,"B"
"627",5,1.65276628896908,49.5829452552776,"A"
"628",4,1.79345516409251,53.6438542351765,"D"
"629",2,0.939110139383211,0.746015604674497,"F"
"630",5,0.429822192330551,12.8946544796255,"B"
"631",4,0.319460232158742,9.55534237541456,"A"
"632",4,1.3615345247479,40.7247201067858,"B"
"633",4,0.89904160218764,26.8911415376904,"G"
"634",4,0.779505490284811,23.3157091036157,"B"
"635",3,0.627310043628123,13.2737936246763,"F"
"636",3,1.4147365272484,29.935628939362,"G"
"637",2,0.9883801843004,0.785155020606453,"B"
"638",2,0.723186043881054,0.574488604896142,"F"
"639",3,0.665749936014927,14.0871764226722,"B"
"640",2,0.932935484998634,0.741110547928553,"A"
"641",4,0.201890877322222,6.03873741107171,"B"
"642",5,0.265781550835484,7.97343954368685,"B"
"643",5,1.32977859047729,39.8933227845558,"B"
"644",4,0.634001107466476,18.9635423705066,"G"
"645",4,0.571349027681117,17.0895624111375,"G"
"646",5,0.690457360666248,20.7137026835005,"B"
"647",2,1.09611999780518,0.870741980802704,"B"
"648",6,0.904424886996004,27.1327466095392,"F"
"649",1,-0.0983586146148892,-0.00000174110516973972,"G"
"650",1,0.52085136923166,0.00000921990427768773,"D"
"651",1,1.25932669911872,0.0000222921015592969,"C"
"652",2,1.3536200704231,1.07529633957467,"B"
"653",2,0.484280249050204,0.384705273296683,"F"
"654",4,-0.200771778833754,-6.00526417048443,"G"
"655",3,0.971026379261181,20.5467836731631,"B"
"656",5,1.67423663151638,50.2270549677276,"A"
"657",5,0.979765461227945,29.3929381009936,"A"
"658",3,0.897730306802433,18.9958489333178,"D"
"659",4,0.817456190098031,24.4508486095612,"B"
"660",1,0.787546966888054,0.0000139408439294351,"F"
"661",1,0.695269038268659,0.0000123073766505276,"B"
"662",2,-0.275975501360667,-0.219230973970897,"C"
"663",5,0.670511885628298,20.1153389562769,"A"
"664",5,2.1136050343978,63.4080955131256,"G"
"665",6,1.2585713400977,37.7571402024566,"G"
"666",1,1.25633845827329,0.0000222392049055085,"F"
"667",5,0.319401565851329,9.58203858570633,"B"
"668",3,0.958695251544199,20.2858587188486,"B"
"669",1,1.71385732748569,0.0000303380223965652,"B"
"670",3,1.00117688429056,21.1847641829684,"G"
"671",1,0.88561378451874,0.000015676783824738,"B"
"672",4,0.548233699801819,16.3981621998683,"C"
"673",4,0.684990651054015,20.4886854008384,"A"
"674",5,1.26772573562228,38.0317387688697,"B"
"675",5,1.79883336181618,53.9649536038952,"G"
"676",5,1.36500444101806,40.950097375489,"B"
"677",4,1.05878203691586,31.6691213654495,"A"
"678",4,0.679118179682143,20.3130345094305,"C"
"679",4,1.0328522248025,30.8935374037179,"F"
"680",2,0.338136219996212,0.268610555933833,"C"
"681",4,1.46697937380971,43.8786702172609,"G"
"682",5,0.634520527202512,19.035599148901,"G"
"683",5,1.37553200491806,41.2659240159579,"F"
"684",5,1.59702804048358,47.910799264809,"B"
"685",4,1.10150981812803,32.9471476652027,"E"
"686",7,1.76304314189245,52.8912942567736,"B"
"687",1,1.10007553602951,0.0000194731006570648,"E"
"688",5,1.18210025484359,35.4629765946637,"A"
"689",4,0.798510319757036,23.8841606168646,"G"
"690",2,1.1195778925815,0.88937659544699,"G"
"691",2,1.09179305854451,0.867304722409289,"A"
"692",3,0.965707555982146,20.4342381093719,"F"
"693",2,1.20796912722004,0.959593322528764,"B"
"694",5,0.567432916023011,17.0229725757299,"G"
"695",2,1.17412510510572,0.932708117520948,"B"
"696",1,1.06556239741043,0.0000188621627711571,"G"
"697",3,0.992778898872108,21.0070639748497,"B"
"698",1,0.860321140264513,0.0000152290634716216,"B"
"699",5,1.37480250487044,41.2440390336912,"B"
"700",5,1.35302723599049,40.5907815392714,"D"
"701",1,2.06211032411861,0.0000365026587651131,"B"
"702",3,0.456173357702962,9.65256505731052,"A"
"703",3,1.27598118834465,26.9995851893241,"B"
"704",2,0.382172195249721,0.30359210211089,"A"
"705",7,0.241569968742382,7.24709906227147,"A"
"706",5,0.510753951819641,15.3226051384351,"E"
"707",3,1.40310432406987,29.6894931314622,"F"
"708",4,0.693023108774947,20.7289434233186,"B"
"709",5,0.373612505078089,11.2083653385313,"B"
"710",1,1.24505396719089,0.0000220394513217641,"B"
"711",3,0.982610075990839,20.7918930913243,"F"
"712",3,0.963734761052639,20.3924940419461,"B"
"713",5,0.174417012695561,5.23250579939366,"G"
"714",4,1.37642577596054,41.1701308008603,"F"
"715",2,0.66913893549845,0.531554358368426,"C"
"716",1,0.877317261497391,0.0000155299220660615,"A"
"717",1,2.39211527145466,0.0000423442754053651,"G"
"718",1,1.00164447101657,0.0000177307129991251,"B"
"719",2,0.963047201015642,0.76503086258618,"D"
"720",2,0.515825466948604,0.409764341257039,"F"
"721",3,0.152851666920926,3.23432009817924,"A"
"722",1,0.862175539156449,0.0000152618893050288,"F"
"723",2,1.53163454363712,1.21670847996833,"F"
"724",1,1.05050966221026,0.0000185957052251825,"A"
"725",1,1.3105017913593,0.0000231979827371771,"F"
"726",4,0.832720085990561,24.9074054405953,"D"
"727",2,1.0950791071939,0.8699151122532,"A"
"728",5,1.3346967745048,40.0408681761932,"C"
"729",1,1.42058890941174,0.0000251467012211992,"B"
"730",3,1.55544168150508,32.9129305121686,"F"
"731",2,0.928386023105716,0.737496520752552,"A"
"732",1,0.149418968008515,0.00000264495528607637,"A"
"733",5,0.481606249449766,14.4481748329718,"B"
"734",2,0.822870401480097,0.65367642663522,"A"
"735",2,1.42396294949049,1.13117571225025,"D"
"736",5,1.34722603027717,40.416745520254,"E"
"737",2,1.52666872592097,1.21276370570719,"E"
"738",2,1.04514107190653,0.830245054366663,"B"
"739",7,0.933640829147862,28.0092248744358,"F"
"740",5,1.64282908329237,49.2848293460005,"B"
"741",5,1.65087793950531,49.5262948209664,"D"
"742",3,1.27826769805532,27.0479674180617,"A"
"743",2,1.27357174634306,1.01170710079702,"C"
"744",2,0.418116497650813,0.332145739608581,"C"
"745",3,0.900315828439114,19.0505582129891,"C"
"746",5,0.790341628925408,23.7102281075801,"A"
"747",2,0.0181309223379135,0.0144029442596674,"G"
"748",4,1.46902266079491,43.9397867655802,"F"
"749",3,0.588817857151672,12.4593042909875,"A"
"750",5,1.41009830175246,42.3029120130246,"A"
"751",3,1.57754494649679,33.3806325375255,"B"
"752",5,0.38859598359299,11.657869300402,"A"
"753",5,0.540881624338759,16.2264345226345,"B"
"754",4,0.539584417349711,16.1394543958544,"B"
"755",4,1.34359717434613,40.1881978509843,"G"
"756",3,0.807276282341489,17.0818543059215,"G"
"757",5,2.30464452417089,69.1392751882165,"B"
"758",5,1.18650842926437,35.5952217114959,"C"
"759",1,0.150135491701044,0.00000265763890418332,"B"
"760",2,0.308504690520896,0.245071694567181,"B"
"761",2,0.15852915443976,0.125933283060481,"D"
"762",2,0.5848804025902,0.464620590176105,"B"
"763",4,1.38174743580455,41.3293064249166,"B"
"764",6,0.481832898270221,14.454986947925,"G"
"765",4,0.957120930314518,28.6283463892495,"B"
"766",5,1.37349507098384,41.2048160514361,"G"
"767",1,1.22888140150088,0.0000217531709807785,"D"
"768",2,2.33768267758427,1.85702153892249,"A"
"769",4,0.754522217370121,22.5684369791791,"F"
"770",4,2.08906934067445,62.4859396777964,"B"
"771",2,0.977044147000438,0.776149835414333,"G"
"772",4,-0.0117451977035712,-0.351309408893149,"G"
"773",2,1.21924156435779,0.968547984665618,"C"
"774",4,1.92471584703334,57.5699791160574,"A"
"775",4,1.71378075911617,51.260721245628,"G"
"776",1,0.951927984226489,0.0000168506514761927,"G"
"777",3,1.18342938775137,25.0412019095632,"C"
"778",5,0.862622368514533,25.8786483966301,"G"
"779",5,1.69851663981523,50.9554545789216,"B"
"780",3,0.819232117112099,17.3348381134785,"A"
"781",4,1.17694609094985,35.2035143167472,"B"
"782",4,0.296823765916146,8.87826534565133,"A"
"783",3,0.970915967328013,20.5444473719522,"B"
"784",4,1.70589420829582,51.0248274295487,"C"
"785",4,1.80522481208728,53.9958949742326,"G"
"786",4,2.42728664702529,72.6023229835808,"A"
"787",5,1.19829003732679,35.948669643897,"B"
"788",2,1.432595421403,1.13803322393452,"E"
"789",1,1.49785639145366,0.0000265144595305522,"D"
"790",4,1.38317645582894,41.3720496969103,"B"
"791",5,0.399618329429066,11.9885393859564,"G"
"792",5,0.626950230382657,18.808490443157,"B"
"793",5,0.204548873886036,6.1364608436237,"G"
"794",4,1.01071542840081,30.2314059475314,"B"
"795",5,0.809497133527075,24.2848927424657,"A"
"796",3,1.24237204924348,26.2884204616692,"B"
"797",4,2.11134213928963,63.1521390822999,"G"
"798",3,0.0859051167924246,1.8177403712706,"E"
"799",3,1.05940268525107,22.4168140655291,"F"
"800",4,1.71403321646874,51.2682724717156,"B"
"801",5,1.16798356978159,35.0394764136116,"G"
"802",7,0.656017757792715,19.6805327337815,"B"
"803",5,1.44651175823716,43.3953147510804,"G"
"804",5,0.565446142953364,16.9633694358278,"E"
"805",2,1.62315229381712,1.28940886608472,"A"
"806",5,1.17746471341131,35.3239104734586,"F"
"807",4,1.95917992934473,58.6008307620179,"E"
"808",4,1.13735281213986,34.0192437981972,"B"
"809",4,0.838925035180925,25.0930010420738,"B"
"810",5,0.703957901068879,21.118718540956,"A"
"811",4,1.53635404708436,45.9537289838632,"B"
"812",5,0.695398157711954,20.8619264650901,"G"
"813",5,1.26557853257709,37.9673227339154,"F"
"814",5,0.47468254796996,14.240463970445,"B"
"815",4,1.16327111411334,34.7944834813104,"B"
"816",4,0.674279297295789,20.1682991926008,"A"
"817",7,0.487234091702647,14.6170227510794,"E"
"818",4,0.437606011331335,13.0891887091995,"G"
"819",2,1.16249680670757,0.92347076431068,"G"
"820",1,1.24404721785748,0.0000220216302445163,"G"
"821",5,0.337089353398122,10.1126717474988,"F"
"822",5,0.729922763446054,21.8976637302431,"B"
"823",6,0.82638735776699,24.7916207326982,"F"
"824",5,0.20353525751791,6.10605237920495,"E"
"825",5,0.99187105110382,29.756105479288,"F"
"826",3,1.52488121494127,32.2662752730853,"F"
"827",4,1.8937520983879,56.6438255928658,"A"
"828",5,0.850530024331091,25.5158783887607,"G"
"829",5,0.430212861701825,12.9063745505018,"E"
"830",2,0.648864579776583,0.51544870141836,"A"
"831",4,1.47175184311589,44.0214190592328,"B"
"832",3,0.827950749974129,17.5193231770853,"A"
"833",1,1.80534127241622,0.0000319574348912449,"A"
"834",2,1.00488134925633,0.798263309012875,"G"
"835",4,1.11537890482046,33.3619845007139,"C"
"836",3,1.00788941398099,21.3268003813605,"B"
"837",5,1.28595973910311,38.5787583943356,"A"
"838",5,0.779285039823445,23.3785307249485,"F"
"839",3,1.83054242057239,38.7340240423403,"G"
"840",2,-0.287950930345332,-0.228744082732664,"G"
"841",3,0.544037801019543,11.5117645064154,"A"
"842",3,1.1396948410483,24.1157849596801,"A"
"843",2,1.22405250783574,0.972369729056658,"G"
"844",1,0.800027936090222,0.0000141617770941238,"B"
"845",4,1.37091820528737,41.0053944169816,"G"
"846",3,0.50995442303863,10.7905649497594,"B"
"847",4,0.895494107372332,26.7850327826,"F"
"848",4,0.31584277525513,9.44714099144656,"C"
"849",3,0.482630010515399,10.2123841658982,"B"
"850",4,1.14971862047031,34.3891162281637,"B"
"851",2,0.926847048699853,0.736273981591467,"G"
"852",1,1.00496260519008,0.0000177894492937141,"G"
"853",3,0.215090605137743,4.55128740916136,"G"
"854",3,1.61309544392536,34.1328761384603,"B"
"855",3,1.04478748599113,22.1075584737678,"A"
"856",3,1.17313184735,24.8233073811431,"B"
"857",3,1.17698876158824,24.904919152143,"D"
"858",2,1.13517473235937,0.90176650092234,"G"
"859",5,0.923149003744574,27.6944458636569,"G"
"860",4,0.797960205473537,23.8677062047178,"B"
"861",5,0.490531373895945,14.7159283319178,"A"
"862",5,0.975004948137607,29.2501228333295,"D"
"863",2,0.659251568018281,0.523699975671417,"A"
"864",1,0.899025019287517,0.0000159141841813813,"A"
"865",1,1.45968535664687,0.000025838771017689,"B"
"866",3,0.998651596310417,21.1313294391255,"G"
"867",3,0.886254603203096,18.7530246348345,"G"
"868",5,1.39139478710914,41.7418070650167,"A"
"869",4,0.91756820878532,27.445288975383,"B"
"870",4,0.571198172317707,17.0850501917704,"A"
"871",3,0.33353793906889,7.05761658715744,"G"
"872",5,0.872386492695012,26.1715718655668,"D"
"873",5,1.18756395211865,35.6268873693985,"G"
"874",7,0.441866896851512,13.2560069055454,"E"
"875",3,0.213315278466082,4.51372174271719,"D"
"876",5,1.12270436639199,33.6811015012884,"B"
"877",2,1.35680994501348,1.07783033012762,"A"
"878",1,1.04696043588539,0.0000185328782290216,"B"
"879",1,1.18243236813103,0.0000209309486218493,"A"
"880",7,1.72933948636688,51.8801845910063,"A"
"881",4,0.772132678143485,23.0951816726929,"G"
"882",2,1.24177938622083,0.986451706604182,"F"
"883",3,-0.252725399101941,-5.3476344360617,"C"
"884",4,0.929639321482127,27.8063467943509,"G"
"885",3,0.681570736310781,14.4219423653468,"A"
"886",2,1.08296490226282,0.860291761873079,"B"
"887",1,0.351202754461444,0.00000621685181124019,"G"
"888",4,0.433361635949646,12.9622356306652,"F"
"889",2,0.380386771358169,0.302173787018551,"F"
"890",6,0.803144719033688,24.0943415707079,"G"
"891",5,0.957554336047326,28.7266049290025,"B"
"892",2,0.213410755124715,0.169530438285939,"C"
"893",5,1.24559266066391,37.3677471014958,"B"
"894",3,1.15439955411927,24.4269346512829,"G"
"895",2,1.94633962633867,1.54614424054523,"G"
"896",2,0.172881638610484,0.137334690316329,"A"
"897",1,1.42196375557833,0.0000251710382025365,"B"
"898",2,1.23286219226803,0.979368015821043,"G"
"899",3,1.27632690199938,27.0069004423679,"A"
"900",2,0.844208361406384,0.670626995486903,"G"
"901",5,0.818719694761327,24.561569337241,"A"
"902",5,0.881459686680298,26.4437674467966,"A"
"903",5,0.724221098028082,21.7266139174716,"B"
"904",4,0.643123759294188,19.2364090775657,"B"
"905",3,0.7902623968074,16.7218428448787,"B"
"906",2,1.28110766889662,1.01769352942217,"A"
"907",4,1.53902903667318,46.0337403242393,"G"
"908",2,1.48091407921178,1.17641687161397,"B"
"909",3,1.11507579981066,23.594849457459,"C"
"910",2,0.848440655166634,0.673989068854344,"B"
"911",1,1.26849628511257,0.0000224544179323038,"F"
"912",5,0.687702695564241,20.6310628027981,"F"
"913",4,1.48912500464896,44.5410659194073,"G"
"914",3,1.20063654444555,25.4053029615804,"G"
"915",4,1.16611749355132,34.8796212459592,"E"
"916",2,0.776799654443743,0.61707848698279,"A"
"917",3,0.220942030216647,4.67510275325886,"B"
"918",4,0.554604311341839,16.5887129109672,"F"
"919",4,1.36046004694084,40.6925815108425,"A"
"920",3,1.11503613908151,23.5940102419242,"F"
"921",4,1.92371300480791,57.5399832046797,"A"
"922",3,1.67357423487762,35.4125989771499,"A"
"923",4,0.63506872476085,18.9954757623555,"B"
"924",3,0.597512832020235,12.6432887547297,"G"
"925",3,1.12070807060577,23.7140275272699,"B"
"926",4,0.878578043700512,26.2790581298668,"D"
"927",3,0.780212684311787,16.5091923206139,"G"
"928",6,-0.541120258873457,-16.2336077659997,"D"
"929",2,1.99014685790591,1.58094407602375,"B"
"930",5,0.412323239294031,12.369686348181,"G"
"931",5,1.67055394354971,50.116574425462,"G"
"932",2,1.50125785375932,1.19257767388196,"F"
"933",2,2.14894882239919,1.70709407547191,"G"
"934",2,0.858217593400783,0.681755728144599,"D"
"935",5,1.18665719372173,35.5996846413092,"D"
"936",4,0.908989322453533,27.188686782534,"G"
"937",7,1.15949011202966,34.7847033608899,"F"
"938",3,0.882687101594603,18.677536794989,"A"
"939",3,1.48629557644601,31.4498085076238,"D"
"940",3,1.30758402146032,27.6682967602506,"B"
"941",5,1.38721286448165,41.6163494960401,"A"
"942",4,1.819294810734,54.4167412666882,"B"
"943",3,0.475310942174962,10.0575136936928,"A"
"944",2,1.62518110705374,1.29102052617657,"A"
"945",1,0.987329112364999,0.0000174773082002418,"C"
"946",4,0.721756591707704,21.5883876965707,"A"
"947",5,1.42571484071132,42.7714077715851,"G"
"948",5,0.255399672498136,7.66198346627085,"B"
"949",3,0.662331466081513,14.0148420724268,"B"
"950",1,0.861891488328155,0.0000152568611499704,"A"
"951",3,0.539063029524739,11.4064990307185,"B"
"952",5,1.16027116524344,34.8081044800515,"B"
"953",3,1.61672039172583,34.2095795317701,"B"
"954",4,1.56997895410773,46.9594801434947,"A"
"955",4,1.70084705778224,50.8738626260373,"F"
"956",4,0.370462626740984,11.0808697905363,"C"
"957",2,0.125688615197305,0.0998452304313328,"C"
"958",5,2.6539400928534,79.6181330736219,"A"
"959",4,1.10062684036041,32.9207370073798,"D"
"960",4,0.419349386202692,12.5431166596522,"D"
"961",4,1.36703573784269,40.8892663297868,"A"
"962",2,0.618160648359432,0.491057939353865,"E"
"963",5,0.915938515072682,27.4781313929006,"B"
"964",4,1.67408368527722,50.0733461245681,"B"
"965",2,1.56861768023249,1.24608735242739,"F"
"966",4,1.58999108495719,47.5580609453554,"C"
"967",1,0.867013444806587,0.0000153475279912908,"B"
"968",5,0.871886762711918,26.1565799792006,"D"
"969",6,1.07320355160207,32.1961065476576,"G"
"970",5,0.914940594423654,27.4481937996425,"G"
"971",3,0.953069632257824,20.1668213940411,"A"
"972",7,1.77027327806074,53.1081983418222,"C"
"973",4,0.846053258032807,25.3062125877417,"B"
"974",3,0.516715754903482,10.9336337954021,"G"
"975",2,0.702254399091648,0.557860806952594,"B"
"976",2,1.29905384186038,1.03194971143288,"G"
"977",1,0.914183400194647,0.0000161825118257429,"A"
"978",2,1.32645978212599,1.05372059670131,"B"
"979",4,1.78363025320724,53.3499823291736,"E"
"980",3,0.670955217569986,14.1973194593126,"C"
"981",5,1.00460264295903,30.1380529005191,"G"
"982",3,1.95290769676547,41.3232563358637,"E"
"983",6,1.2033591258333,36.1007737745453,"B"
"984",4,0.766397014910799,22.923622835563,"B"
"985",3,1.13448555476096,24.0055571834596,"F"
"986",1,0.882175450908799,0.0000156159198074174,"G"
"987",6,1.33966036678346,40.1898110029987,"C"
"988",2,1.12818220465916,0.896211737362974,"E"
"989",4,1.79843652330769,53.7928511618811,"E"
"990",5,1.2362707069514,37.0880887349835,"A"
"991",4,0.663288530990348,19.8395555042018,"G"
"992",3,1.04078868601694,22.0229444202502,"G"
"993",6,1.26101550184987,37.8304650550206,"A"
"994",4,0.704015220762048,21.0577273622643,"G"
"995",2,1.25562307278257,0.997448932348185,"F"
"996",5,0.981355635806948,29.440643296594,"B"
"997",5,0.9972974456048,29.9188971717804,"A"
"998",2,0.284878646064586,0.226303504232534,"E"
"999",1,1.08961588873136,0.0000192879481307123,"G"
"1000",2,1.22112526137908,0.970044366520552,"G"
